Timestamp,CPU_Usage,RAM_Usage,GPU_Usage
2024-08-07 14:45:33.971329,2.9,65.7,4.0
2024-08-07 14:45:35.076587,1.4,65.8,0.0
2024-08-07 14:45:36.171007,0.1,65.8,0.0
2024-08-07 14:45:37.278089,0.7,65.7,0.0
2024-08-07 14:45:38.373146,0.7,65.7,0.0
2024-08-07 14:45:39.482636,0.3,65.6,0.0
2024-08-07 14:45:40.578229,0.3,65.6,0.0
2024-08-07 14:45:41.678259,0.5,65.6,0.0
2024-08-07 14:45:42.790754,0.7,65.6,0.0
2024-08-07 14:45:43.886976,0.7,65.6,0.0
2024-08-07 14:45:44.994806,1.4,65.7,0.0
2024-08-07 14:45:46.105840,4.2,65.5,0.0
2024-08-07 14:45:47.209028,1.6,65.5,0.0
2024-08-07 14:45:48.309415,2.5,65.6,3.0
2024-08-07 14:45:49.408871,1.1,65.6,0.0
2024-08-07 14:45:50.505631,0.5,65.6,0.0
2024-08-07 14:45:51.610555,0.9,65.6,0.0
2024-08-07 14:45:52.715552,0.0,65.6,0.0
2024-08-07 14:45:53.823914,0.7,65.5,0.0
2024-08-07 14:45:54.921898,0.3,65.5,0.0
2024-08-07 14:45:56.015846,0.9,65.6,0.0
2024-08-07 14:45:57.112610,0.8,65.5,0.0
2024-08-07 14:45:58.213688,1.2,65.5,0.0
2024-08-07 14:45:59.306731,1.1,65.6,0.0
2024-08-07 14:46:00.403185,1.3,65.6,1.0
2024-08-07 14:46:01.509651,0.1,65.6,0.0
2024-08-07 14:46:02.619892,0.1,65.6,0.0
2024-08-07 14:46:03.712641,0.3,65.5,0.0
2024-08-07 14:46:04.819818,1.8,65.6,0.0
2024-08-07 14:46:05.928719,3.0,65.9,2.0
2024-08-07 14:46:07.030796,1.7,65.7,0.0
2024-08-07 14:46:08.126660,1.1,65.7,0.0
2024-08-07 14:46:09.248844,0.3,65.6,0.0
2024-08-07 14:46:10.340574,3.0,65.7,0.0
2024-08-07 14:46:11.436456,0.8,65.7,0.0
2024-08-07 14:46:12.544590,3.0,65.7,0.0
2024-08-07 14:46:13.636595,1.2,65.7,0.0
2024-08-07 14:46:14.735771,1.4,65.7,0.0
2024-08-07 14:46:15.837578,0.7,65.7,0.0
2024-08-07 14:46:16.929660,0.5,65.7,0.0
2024-08-07 14:46:18.023344,0.5,65.7,0.0
2024-08-07 14:46:19.129699,1.2,65.7,0.0
2024-08-07 14:46:20.240082,2.5,65.7,0.0
2024-08-07 14:46:21.335433,2.8,65.8,2.0
2024-08-07 14:46:22.433654,3.9,65.8,1.0
2024-08-07 14:46:23.529073,3.9,66.1,3.0
2024-08-07 14:46:24.627240,3.7,66.2,3.0
2024-08-07 14:46:25.733260,1.0,66.1,2.0
2024-08-07 14:46:26.836499,1.2,66.1,3.0
2024-08-07 14:46:27.942953,1.4,66.1,2.0
2024-08-07 14:46:29.036134,2.5,66.4,2.0
2024-08-07 14:46:30.135615,1.2,66.2,3.0
2024-08-07 14:46:31.242690,1.7,66.3,3.0
2024-08-07 14:46:32.352557,1.4,66.2,2.0
2024-08-07 14:46:33.449556,2.8,66.2,3.0
2024-08-07 14:46:34.542892,1.7,66.2,3.0
2024-08-07 14:46:35.640521,3.1,66.2,3.0
2024-08-07 14:46:36.738715,1.3,66.2,2.0
2024-08-07 14:46:37.847513,1.7,66.3,3.0
2024-08-07 14:46:38.954450,2.3,66.3,2.0
2024-08-07 14:46:40.052456,1.2,66.2,3.0
2024-08-07 14:46:41.151221,1.9,66.3,3.0
2024-08-07 14:46:42.256739,1.7,66.3,2.0
2024-08-07 14:46:43.354661,1.6,66.3,2.0
2024-08-07 14:46:44.446640,1.7,66.3,3.0
2024-08-07 14:46:45.554919,1.6,66.4,3.0
2024-08-07 14:46:46.665948,1.7,66.4,3.0
2024-08-07 14:46:47.774680,4.2,66.5,3.0
2024-08-07 14:46:48.876798,1.7,66.4,3.0
2024-08-07 14:46:49.985601,3.1,66.4,3.0
2024-08-07 14:46:51.093325,1.7,66.5,0.0
2024-08-07 14:46:52.190619,1.4,66.6,2.0
2024-08-07 14:46:53.282472,1.8,66.5,2.0
2024-08-07 14:46:54.381333,2.6,66.5,0.0
2024-08-07 14:46:55.486272,1.3,66.5,0.0
2024-08-07 14:46:56.590779,1.2,66.5,0.0
2024-08-07 14:46:57.690457,2.2,66.5,1.0
2024-08-07 14:46:58.799783,2.7,66.5,1.0
2024-08-07 14:46:59.908983,3.5,66.6,5.0
2024-08-07 14:47:01.010448,2.5,66.6,3.0
2024-08-07 14:47:02.112848,3.6,66.6,5.0
2024-08-07 14:47:03.221858,1.9,66.6,2.0
2024-08-07 14:47:04.319148,1.6,66.6,2.0
2024-08-07 14:47:05.421074,1.6,66.7,2.0
2024-08-07 14:47:06.529834,1.0,66.7,3.0
2024-08-07 14:47:07.639209,2.9,66.6,3.0
2024-08-07 14:47:08.745724,4.8,66.7,3.0
2024-08-07 14:47:09.850367,3.0,66.7,3.0
2024-08-07 14:47:10.950616,2.4,66.7,3.0
2024-08-07 14:47:12.059607,3.2,66.9,3.0
2024-08-07 14:47:13.171020,3.7,67.0,2.0
2024-08-07 14:47:14.275081,1.4,67.0,0.0
2024-08-07 14:47:15.381200,2.4,67.1,1.0
2024-08-07 14:47:16.487701,6.0,67.0,2.0
2024-08-07 14:47:17.597575,4.4,67.0,6.0
2024-08-07 14:47:18.704075,7.3,67.3,8.0
2024-08-07 14:47:19.810326,3.6,67.3,11.0
2024-08-07 14:47:20.918560,2.5,67.3,5.0
2024-08-07 14:47:22.040370,2.3,67.3,6.0
2024-08-07 14:47:23.134555,5.3,67.2,6.0
2024-08-07 14:47:24.240950,2.7,67.0,6.0
2024-08-07 14:47:25.337580,2.2,67.0,5.0
2024-08-07 14:47:26.451662,2.2,66.9,6.0
2024-08-07 14:47:27.553954,1.8,66.8,6.0
2024-08-07 14:47:28.650038,6.9,66.8,5.0
2024-08-07 14:47:29.763513,3.8,65.8,6.0
2024-08-07 14:47:30.858783,3.5,65.8,6.0
2024-08-07 14:47:31.989762,2.6,65.7,6.0
2024-08-07 14:47:33.088540,3.3,65.8,6.0
2024-08-07 14:47:34.192810,2.3,65.9,6.0
2024-08-07 14:47:35.307499,3.2,65.9,9.0
2024-08-07 14:47:36.417387,2.2,65.9,5.0
2024-08-07 14:47:37.526634,2.7,65.9,12.0
2024-08-07 14:47:38.648876,2.6,65.9,6.0
2024-08-07 14:47:39.746099,2.3,65.9,6.0
2024-08-07 14:47:40.845901,1.9,65.9,6.0
2024-08-07 14:47:41.945751,4.3,65.9,6.0
2024-08-07 14:47:43.046697,2.0,66.0,9.0
2024-08-07 14:47:44.153742,4.0,66.1,12.0
2024-08-07 14:47:45.265725,8.2,66.2,14.000000000000002
2024-08-07 14:47:46.372457,2.5,66.2,3.0
2024-08-07 14:47:47.483892,4.0,66.2,4.0
2024-08-07 14:47:48.587787,3.1,66.3,6.0
2024-08-07 14:47:49.695814,6.6,66.4,3.0
2024-08-07 14:47:50.799784,2.1,66.3,3.0
2024-08-07 14:47:51.906721,1.2,66.3,3.0
2024-08-07 14:47:53.013424,1.4,66.2,3.0
2024-08-07 14:47:54.120943,3.4,66.3,5.0
2024-08-07 14:47:55.297352,5.4,66.3,6.0
2024-08-07 14:47:56.418471,8.1,67.3,2.0
2024-08-07 14:47:57.519885,2.3,67.3,8.0
2024-08-07 14:47:58.619444,2.1,67.3,4.0
2024-08-07 14:47:59.724537,3.2,67.6,4.0
2024-08-07 14:48:00.830978,2.5,67.4,3.0
2024-08-07 14:48:01.940136,1.3,67.4,1.0
2024-08-07 14:48:03.046187,1.3,67.4,2.0
2024-08-07 14:48:04.157407,1.8,67.4,1.0
2024-08-07 14:48:05.260979,1.3,67.3,1.0
2024-08-07 14:48:06.357865,1.6,67.3,1.0
2024-08-07 14:48:07.456292,1.2,67.3,1.0
2024-08-07 14:48:08.555798,2.5,67.3,3.0
2024-08-07 14:48:09.664711,3.8,67.3,9.0
2024-08-07 14:48:10.774882,2.2,67.3,1.0
2024-08-07 14:48:11.920456,2.2,67.2,3.0
2024-08-07 14:48:13.034692,2.9,67.2,5.0
2024-08-07 14:48:14.152377,3.4,67.3,1.0
2024-08-07 14:48:15.246218,1.1,67.3,1.0
2024-08-07 14:48:16.374495,2.4,67.2,2.0
2024-08-07 14:48:17.479568,3.5,67.4,4.0
2024-08-07 14:48:18.588546,2.3,67.3,5.0
2024-08-07 14:48:19.692825,2.6,67.3,9.0
2024-08-07 14:48:20.795721,1.9,67.4,1.0
2024-08-07 14:48:21.911318,3.4,67.3,6.0
2024-08-07 14:48:23.019317,4.1,67.4,10.0
2024-08-07 14:48:24.130033,3.7,67.3,10.0
2024-08-07 14:48:25.255011,1.8,67.2,9.0
2024-08-07 14:48:26.369839,7.1,66.5,10.0
2024-08-07 14:48:27.487889,2.6,66.5,1.0
2024-08-07 14:48:28.590830,1.8,66.4,2.0
2024-08-07 14:48:29.710339,3.8,67.0,1.0
2024-08-07 14:48:30.817415,1.9,67.1,1.0
2024-08-07 14:48:31.926977,2.2,67.1,9.0
2024-08-07 14:48:33.030866,1.8,67.1,10.0
2024-08-07 14:48:34.126627,2.2,67.1,9.0
2024-08-07 14:48:35.225616,1.4,67.1,1.0
2024-08-07 14:48:36.318443,1.3,67.0,1.0
2024-08-07 14:48:37.427773,0.9,67.0,1.0
2024-08-07 14:48:38.532581,1.3,67.0,3.0
2024-08-07 14:48:39.628943,1.6,67.0,2.0
2024-08-07 14:48:40.728666,1.8,67.1,10.0
2024-08-07 14:48:41.856234,4.1,67.5,9.0
2024-08-07 14:48:42.969083,6.0,67.4,10.0
2024-08-07 14:48:44.067015,2.7,67.4,9.0
2024-08-07 14:48:45.174118,1.3,67.2,6.0
2024-08-07 14:48:46.273379,2.1,67.3,10.0
2024-08-07 14:48:47.383338,2.2,67.3,10.0
2024-08-07 14:48:48.492345,3.6,67.3,10.0
2024-08-07 14:48:49.603584,4.4,67.4,10.0
2024-08-07 14:48:50.711117,3.4,67.5,10.0
2024-08-07 14:48:51.820956,2.2,67.5,2.0
2024-08-07 14:48:52.926013,2.3,67.5,2.0
2024-08-07 14:48:54.039760,2.3,67.5,4.0
2024-08-07 14:48:55.142704,3.1,67.5,1.0
2024-08-07 14:48:56.251630,2.3,67.4,1.0
2024-08-07 14:48:57.357993,2.7,67.6,3.0
2024-08-07 14:48:58.461207,4.3,65.7,8.0
2024-08-07 14:48:59.585952,6.4,65.7,3.0
2024-08-07 14:49:00.718662,22.4,66.8,6.0
2024-08-07 14:49:01.840751,5.6,67.7,2.0
2024-08-07 14:49:02.974175,2.9,68.0,9.0
2024-08-07 14:49:04.096498,2.8,68.1,1.0
2024-08-07 14:49:05.204583,3.6,68.3,1.0
2024-08-07 14:49:06.304361,6.6,68.4,10.0
2024-08-07 14:49:07.416449,3.2,68.7,10.0
2024-08-07 14:49:08.524269,6.5,67.6,10.0
2024-08-07 14:49:09.633315,3.0,67.5,2.0
2024-08-07 14:49:10.725530,2.4,67.3,9.0
2024-08-07 14:49:11.833011,3.0,67.3,1.0
2024-08-07 14:49:12.932714,1.7,67.2,1.0
2024-08-07 14:49:14.025861,3.1,67.2,3.0
2024-08-07 14:49:15.151248,1.4,67.2,1.0
2024-08-07 14:49:16.255818,2.1,67.1,1.0
2024-08-07 14:49:17.352827,1.6,67.1,1.0
2024-08-07 14:49:18.477819,1.4,67.1,1.0
2024-08-07 14:49:19.598797,3.5,67.1,11.0
2024-08-07 14:49:20.709339,3.2,67.1,3.0
2024-08-07 14:49:21.815975,2.6,67.2,12.0
2024-08-07 14:49:22.924453,2.6,67.2,10.0
2024-08-07 14:49:24.049767,2.8,67.2,11.0
2024-08-07 14:49:25.156289,3.9,67.3,6.0
2024-08-07 14:49:26.262483,1.7,67.3,10.0
2024-08-07 14:49:27.370946,1.9,67.2,10.0
2024-08-07 14:49:28.477737,4.0,67.0,9.0
2024-08-07 14:49:29.588762,2.6,66.3,9.0
2024-08-07 14:49:30.696290,2.4,66.0,10.0
2024-08-07 14:49:31.793713,2.4,65.9,10.0
2024-08-07 14:49:32.904584,4.3,66.0,10.0
2024-08-07 14:49:33.998493,1.8,65.9,10.0
2024-08-07 14:49:35.095609,1.7,65.9,9.0
2024-08-07 14:49:36.192818,2.5,65.9,10.0
2024-08-07 14:49:37.303758,2.3,65.9,10.0
2024-08-07 14:49:38.409623,2.2,65.9,10.0
2024-08-07 14:49:39.521001,1.8,65.8,10.0
2024-08-07 14:49:40.621857,0.9,65.8,10.0
2024-08-07 14:49:41.721694,2.7,65.8,9.0
2024-08-07 14:49:42.828872,1.6,65.8,10.0
2024-08-07 14:49:43.926741,2.1,65.9,9.0
2024-08-07 14:49:45.027818,1.6,65.9,9.0
2024-08-07 14:49:46.140422,2.8,65.9,10.0
2024-08-07 14:49:47.253567,3.4,65.9,11.0
2024-08-07 14:49:48.362836,2.5,65.9,3.0
2024-08-07 14:49:49.460307,7.8,65.9,10.0
2024-08-07 14:49:50.568892,2.3,65.9,10.0
2024-08-07 14:49:51.678060,1.8,65.8,9.0
2024-08-07 14:49:52.786497,1.3,65.8,9.0
2024-08-07 14:49:53.898453,1.7,65.8,10.0
2024-08-07 14:49:55.005764,1.9,65.7,9.0
2024-08-07 14:49:56.110817,1.7,65.7,9.0
2024-08-07 14:49:57.221628,1.9,65.7,9.0
2024-08-07 14:49:58.318594,1.7,65.8,9.0
2024-08-07 14:49:59.419555,3.0,65.8,10.0
2024-08-07 14:50:00.515497,3.3,65.8,10.0
2024-08-07 14:50:01.617783,2.2,65.8,9.0
2024-08-07 14:50:02.727832,2.1,65.8,9.0
2024-08-07 14:50:03.835455,2.5,65.9,9.0
2024-08-07 14:50:04.944849,2.0,65.9,9.0
2024-08-07 14:50:06.052377,1.5,65.8,9.0
2024-08-07 14:50:07.145634,0.9,65.9,9.0
2024-08-07 14:50:08.256330,0.9,65.8,9.0
2024-08-07 14:50:09.353219,2.0,65.8,9.0
2024-08-07 14:50:10.446531,2.2,66.0,9.0
2024-08-07 14:50:11.546808,2.1,65.9,9.0
2024-08-07 14:50:12.644386,2.4,65.8,10.0
2024-08-07 14:50:13.754385,1.2,65.9,9.0
2024-08-07 14:50:14.850969,1.6,65.9,9.0
2024-08-07 14:50:15.950217,1.4,65.9,9.0
2024-08-07 14:50:17.055674,2.2,65.9,9.0
2024-08-07 14:50:18.149951,1.8,65.9,9.0
2024-08-07 14:50:19.261233,5.8,65.9,10.0
2024-08-07 14:50:20.357380,2.6,65.9,10.0
2024-08-07 14:50:21.460536,2.6,65.9,10.0
2024-08-07 14:50:22.554808,1.8,65.8,10.0
2024-08-07 14:50:23.666364,2.3,65.9,10.0
2024-08-07 14:50:24.770306,2.3,65.9,10.0
2024-08-07 14:50:25.874269,2.2,65.9,10.0
2024-08-07 14:50:26.970866,1.0,65.9,9.0
2024-08-07 14:50:28.077472,2.6,65.9,10.0
2024-08-07 14:50:29.187462,1.5,65.8,10.0
2024-08-07 14:50:30.295159,2.0,65.9,10.0
2024-08-07 14:50:31.415430,1.7,65.9,10.0
2024-08-07 14:50:32.525467,6.4,66.1,12.0
2024-08-07 14:50:33.633529,2.3,66.2,10.0
2024-08-07 14:50:34.757127,4.7,66.1,10.0
2024-08-07 14:50:35.857587,2.6,65.9,9.0
2024-08-07 14:50:36.952891,1.7,65.8,10.0
2024-08-07 14:50:38.065428,3.1,65.9,9.0
2024-08-07 14:50:39.171446,3.0,65.9,10.0
2024-08-07 14:50:40.280996,2.6,65.9,10.0
2024-08-07 14:50:41.407653,7.3,66.6,8.0
2024-08-07 14:50:42.519858,2.1,66.5,5.0
2024-08-07 14:50:43.626696,3.6,66.5,2.0
2024-08-07 14:50:44.741279,5.2,66.4,3.0
2024-08-07 14:50:45.844672,3.4,66.4,3.0
2024-08-07 14:50:46.958564,3.2,66.5,3.0
2024-08-07 14:50:48.053307,2.5,66.5,10.0
2024-08-07 14:50:49.166631,3.3,66.3,11.0
2024-08-07 14:50:50.277700,3.0,66.3,9.0
2024-08-07 14:50:51.384607,2.9,66.1,9.0
2024-08-07 14:50:52.479145,1.8,66.0,9.0
2024-08-07 14:50:53.587366,2.3,66.0,10.0
2024-08-07 14:50:54.704190,1.8,66.2,9.0
2024-08-07 14:50:55.801282,1.4,66.1,9.0
2024-08-07 14:50:57.040230,18.6,66.7,14.000000000000002
2024-08-07 14:50:58.161255,1.5,67.5,10.0
2024-08-07 14:50:59.268065,2.2,67.5,10.0
2024-08-07 14:51:00.365606,1.3,67.5,9.0
2024-08-07 14:51:01.475458,1.8,67.5,10.0
2024-08-07 14:51:02.582464,5.6,67.4,11.0
2024-08-07 14:51:03.692684,3.1,67.5,10.0
2024-08-07 14:51:04.812808,3.6,67.5,10.0
2024-08-07 14:51:05.912586,3.5,67.5,6.0
2024-08-07 14:51:07.025604,3.3,67.6,6.0
2024-08-07 14:51:08.134375,2.3,67.6,6.0
2024-08-07 14:51:09.241586,5.7,67.8,7.000000000000001
2024-08-07 14:51:10.351828,2.5,67.7,6.0
2024-08-07 14:51:11.461848,3.1,67.8,7.000000000000001
2024-08-07 14:51:12.571644,2.7,67.8,6.0
2024-08-07 14:51:13.679560,3.7,67.9,6.0
2024-08-07 14:51:14.790877,2.9,67.8,10.0
2024-08-07 14:51:15.887451,1.8,67.8,5.0
2024-08-07 14:51:16.992533,1.6,67.9,5.0
2024-08-07 14:51:18.117423,3.9,68.0,10.0
2024-08-07 14:51:19.227116,2.5,68.0,10.0
2024-08-07 14:51:20.322538,4.1,67.9,9.0
2024-08-07 14:51:21.416400,2.0,67.8,10.0
2024-08-07 14:51:22.526261,1.2,67.8,10.0
2024-08-07 14:51:23.619904,1.7,67.8,10.0
2024-08-07 14:51:24.725693,2.3,67.8,10.0
2024-08-07 14:51:25.840513,6.4,66.9,10.0
2024-08-07 14:51:26.944516,4.5,65.7,11.0
2024-08-07 14:51:28.051742,2.2,65.6,10.0
2024-08-07 14:51:29.159328,3.3,65.8,12.0
2024-08-07 14:51:30.265616,3.0,65.8,5.0
2024-08-07 14:51:31.391207,5.8,65.8,9.0
2024-08-07 14:51:32.490639,3.9,65.7,9.0
2024-08-07 14:51:33.589457,2.4,65.8,4.0
2024-08-07 14:51:34.686442,1.7,65.8,3.0
2024-08-07 14:51:35.794457,1.8,65.8,2.0
2024-08-07 14:51:36.903941,1.3,65.8,2.0
2024-08-07 14:51:38.027910,4.5,65.8,4.0
2024-08-07 14:51:39.151134,4.1,66.0,6.0
2024-08-07 14:51:40.259693,3.0,65.9,2.0
2024-08-07 14:51:41.367554,2.2,66.2,3.0
2024-08-07 14:51:42.478917,3.1,66.0,3.0
2024-08-07 14:51:43.584681,2.7,65.9,3.0
2024-08-07 14:51:44.686119,2.8,65.9,4.0
2024-08-07 14:51:45.793262,3.1,66.0,3.0
2024-08-07 14:51:46.898742,2.3,66.1,2.0
2024-08-07 14:51:48.008520,2.7,66.0,6.0
2024-08-07 14:51:49.116619,1.6,66.0,6.0
2024-08-07 14:51:50.226238,2.3,66.0,6.0
2024-08-07 14:51:51.345554,3.1,66.1,3.0
2024-08-07 14:51:52.443575,3.1,66.1,3.0
2024-08-07 14:51:53.554710,3.4,66.2,12.0
2024-08-07 14:51:54.681507,4.8,66.3,4.0
2024-08-07 14:51:55.795850,3.2,66.5,6.0
2024-08-07 14:51:56.898041,2.2,66.6,6.0
2024-08-07 14:51:57.998835,1.2,66.6,3.0
2024-08-07 14:51:59.111144,3.1,66.6,3.0
2024-08-07 14:52:00.212052,2.6,66.5,3.0
2024-08-07 14:52:01.323415,3.0,66.4,3.0
2024-08-07 14:52:02.432873,1.5,66.5,3.0
2024-08-07 14:52:03.531242,2.3,66.3,5.0
2024-08-07 14:52:04.637184,1.8,66.3,3.0
2024-08-07 14:52:05.735590,3.2,66.3,3.0
2024-08-07 14:52:06.837510,2.5,66.4,6.0
2024-08-07 14:52:07.932959,3.0,66.4,3.0
2024-08-07 14:52:09.027326,1.3,66.5,3.0
2024-08-07 14:52:10.135245,0.5,66.5,0.0
2024-08-07 14:52:11.252760,1.4,66.5,0.0
2024-08-07 14:52:12.366323,0.7,66.5,0.0
2024-08-07 14:52:13.468592,1.0,66.5,0.0
2024-08-07 14:52:14.577446,0.8,66.5,0.0
2024-08-07 14:52:15.676278,0.6,66.5,0.0
2024-08-07 14:52:16.768342,0.8,66.5,0.0
2024-08-07 14:52:17.860944,1.2,66.5,0.0
2024-08-07 14:52:18.953798,0.4,66.5,0.0
2024-08-07 14:52:20.063115,1.2,66.4,0.0
2024-08-07 14:52:21.154939,1.4,66.4,0.0
2024-08-07 14:52:22.257498,1.1,66.4,0.0
2024-08-07 14:52:23.368853,1.7,66.4,0.0
2024-08-07 14:52:24.474616,0.7,66.5,0.0
2024-08-07 14:52:25.575578,1.4,66.5,0.0
2024-08-07 14:52:26.680901,0.4,66.5,0.0
2024-08-07 14:52:27.785982,1.4,66.6,0.0
2024-08-07 14:52:28.878947,1.2,66.6,0.0
2024-08-07 14:52:29.984239,1.0,66.6,1.0
2024-08-07 14:52:31.096159,0.8,66.6,1.0
2024-08-07 14:52:32.189934,0.4,66.6,0.0
2024-08-07 14:52:33.300006,1.3,66.6,1.0
2024-08-07 14:52:34.402372,1.7,66.6,0.0
2024-08-07 14:52:35.498910,1.4,66.6,1.0
2024-08-07 14:52:36.598937,1.6,66.7,0.0
2024-08-07 14:52:37.707820,1.2,66.6,0.0
2024-08-07 14:52:38.799255,1.5,66.6,2.0
2024-08-07 14:52:39.893650,1.6,66.6,1.0
2024-08-07 14:52:41.003636,1.7,66.6,1.0
2024-08-07 14:52:42.110427,1.6,66.5,1.0
2024-08-07 14:52:43.217751,1.0,66.6,0.0
2024-08-07 14:52:44.330013,0.4,66.6,1.0
2024-08-07 14:52:45.435974,2.1,66.6,0.0
2024-08-07 14:52:46.536933,1.4,66.8,1.0
2024-08-07 14:52:47.633936,2.0,66.6,3.0
2024-08-07 14:52:48.738978,2.1,66.7,1.0
2024-08-07 14:52:49.834718,2.2,66.7,1.0
2024-08-07 14:52:50.938773,4.1,66.7,1.0
2024-08-07 14:52:52.041388,1.3,66.8,2.0
2024-08-07 14:52:53.149010,3.0,66.7,4.0
2024-08-07 14:52:54.251484,3.9,66.8,2.0
2024-08-07 14:52:55.357340,0.6,66.8,0.0
2024-08-07 14:52:56.480958,2.6,66.6,3.0
2024-08-07 14:52:57.590488,0.8,66.7,0.0
2024-08-07 14:52:58.691114,0.1,66.7,0.0
2024-08-07 14:52:59.790451,0.9,66.6,0.0
2024-08-07 14:53:00.897876,1.9,66.6,0.0
2024-08-07 14:53:02.004554,0.8,66.5,0.0
2024-08-07 14:53:03.110878,0.4,66.6,0.0
2024-08-07 14:53:04.215002,0.7,66.6,0.0
2024-08-07 14:53:05.310194,0.8,66.5,0.0
2024-08-07 14:53:06.411246,1.2,66.5,0.0
2024-08-07 14:53:07.520799,0.9,66.6,0.0
2024-08-07 14:53:08.626325,1.2,66.7,0.0
2024-08-07 14:53:09.717585,0.9,66.8,0.0
2024-08-07 14:53:10.821274,0.5,66.7,0.0
2024-08-07 14:53:11.930206,1.4,66.2,0.0
2024-08-07 14:53:13.035347,0.5,66.1,0.0
2024-08-07 14:53:14.139276,0.9,66.1,0.0
2024-08-07 14:53:15.237902,0.9,66.1,0.0
2024-08-07 14:53:16.330921,0.9,66.2,0.0
2024-08-07 14:53:17.425096,0.9,66.2,0.0
2024-08-07 14:53:18.523600,1.7,66.1,0.0
2024-08-07 14:53:19.623049,0.8,66.1,0.0
2024-08-07 14:53:20.724659,0.8,66.2,0.0
2024-08-07 14:53:21.828337,0.3,66.2,0.0
2024-08-07 14:53:22.924781,0.7,66.2,0.0
2024-08-07 14:53:24.026191,0.4,66.1,0.0
2024-08-07 14:53:25.130806,2.1,66.2,4.0
2024-08-07 14:53:26.249909,3.1,66.6,2.0
2024-08-07 14:53:27.350970,3.6,66.7,5.0
2024-08-07 14:53:28.468806,6.5,66.7,5.0
2024-08-07 14:53:29.583290,3.7,66.8,3.0
2024-08-07 14:53:30.681558,4.0,67.2,3.0
2024-08-07 14:53:31.801719,2.6,67.2,2.0
2024-08-07 14:53:32.926218,15.6,69.9,7.000000000000001
2024-08-07 14:53:34.030428,30.6,69.0,2.0
2024-08-07 14:53:35.134502,1.2,69.1,0.0
2024-08-07 14:53:36.245081,1.6,69.0,1.0
2024-08-07 14:53:37.342633,0.4,68.9,0.0
2024-08-07 14:53:38.440908,2.4,68.9,0.0
2024-08-07 14:53:39.564269,5.3,69.0,2.0
2024-08-07 14:53:40.670139,9.0,69.0,6.0
2024-08-07 14:53:41.778008,2.5,69.0,5.0
2024-08-07 14:53:42.888036,4.3,69.1,6.0
2024-08-07 14:53:44.003615,3.7,69.2,2.0
2024-08-07 14:53:45.096334,1.1,69.3,0.0
2024-08-07 14:53:46.198285,3.1,69.5,3.0
2024-08-07 14:53:47.300577,2.2,69.3,0.0
2024-08-07 14:53:48.414478,3.2,69.3,5.0
2024-08-07 14:53:49.519789,2.2,69.4,0.0
2024-08-07 14:53:50.617182,0.8,69.4,0.0
2024-08-07 14:53:51.716507,4.8,69.5,2.0
2024-08-07 14:53:52.817948,4.3,69.7,7.000000000000001
2024-08-07 14:53:53.916489,1.4,69.8,0.0
2024-08-07 14:53:55.018548,1.3,69.7,0.0
2024-08-07 14:53:56.122195,2.8,69.8,2.0
2024-08-07 14:53:57.229171,5.6,70.0,0.0
2024-08-07 14:53:58.321450,2.8,70.1,0.0
2024-08-07 14:53:59.429311,3.9,70.2,0.0
2024-08-07 14:54:00.535036,4.2,70.2,3.0
2024-08-07 14:54:01.658112,3.4,70.2,1.0
2024-08-07 14:54:02.758464,3.5,70.4,1.0
2024-08-07 14:54:03.855544,0.5,70.4,0.0
2024-08-07 14:54:04.974330,0.9,70.3,0.0
2024-08-07 14:54:06.081357,2.4,70.3,0.0
2024-08-07 14:54:07.175734,2.2,70.4,0.0
2024-08-07 14:54:08.275522,0.5,70.5,0.0
2024-08-07 14:54:09.371915,0.5,70.5,0.0
2024-08-07 14:54:10.469488,1.7,70.1,0.0
2024-08-07 14:54:11.566887,0.7,70.2,1.0
2024-08-07 14:54:12.667780,1.7,70.2,0.0
2024-08-07 14:54:13.778654,1.3,70.2,0.0
2024-08-07 14:54:14.865185,0.4,70.1,0.0
2024-08-07 14:54:15.967480,0.1,70.2,0.0
2024-08-07 14:54:17.065760,2.6,69.2,0.0
2024-08-07 14:54:18.167277,1.4,69.0,0.0
2024-08-07 14:54:19.280253,0.0,69.0,0.0
2024-08-07 14:54:20.388405,1.0,68.9,0.0
2024-08-07 14:54:21.486856,1.4,68.9,0.0
2024-08-07 14:54:22.599111,0.7,68.9,0.0
2024-08-07 14:54:23.700183,0.7,68.9,0.0
2024-08-07 14:54:24.792112,1.2,68.9,0.0
2024-08-07 14:54:25.888797,0.3,68.9,0.0
2024-08-07 14:54:26.986325,0.4,68.9,0.0
2024-08-07 14:54:28.095386,3.8,68.9,0.0
2024-08-07 14:54:29.192728,0.9,68.9,0.0
2024-08-07 14:54:30.297415,1.6,68.8,0.0
2024-08-07 14:54:31.397402,1.6,68.8,0.0
2024-08-07 14:54:32.496497,3.1,68.7,0.0
2024-08-07 14:54:33.596424,1.6,68.7,0.0
2024-08-07 14:54:34.695655,0.9,68.7,0.0
2024-08-07 14:54:35.803736,1.2,68.7,0.0
2024-08-07 14:54:36.898944,1.4,68.7,0.0
2024-08-07 14:54:37.997204,2.3,68.7,0.0
2024-08-07 14:54:39.092984,2.3,68.5,0.0
2024-08-07 14:54:40.188409,0.8,68.7,0.0
2024-08-07 14:54:41.301017,1.7,68.7,0.0
2024-08-07 14:54:42.397327,1.3,68.8,0.0
2024-08-07 14:54:43.498050,1.2,68.8,0.0
2024-08-07 14:54:44.594326,0.7,68.8,0.0
2024-08-07 14:54:45.690995,1.1,68.8,0.0
2024-08-07 14:54:46.786312,1.2,68.6,0.0
2024-08-07 14:54:47.886300,0.3,68.6,0.0
2024-08-07 14:54:48.987272,1.1,68.7,0.0
2024-08-07 14:54:50.087029,0.7,68.6,0.0
2024-08-07 14:54:51.186113,0.4,68.6,0.0
2024-08-07 14:54:52.288913,0.1,68.5,0.0
2024-08-07 14:54:53.388591,0.8,68.6,0.0
2024-08-07 14:54:54.480494,1.0,68.5,0.0
2024-08-07 14:54:55.581246,0.7,68.6,0.0
2024-08-07 14:54:56.680393,0.5,68.6,0.0
2024-08-07 14:54:57.780834,1.1,68.6,0.0
2024-08-07 14:54:58.885291,0.5,68.6,0.0
2024-08-07 14:54:59.981355,0.3,68.6,0.0
2024-08-07 14:55:01.080681,0.8,68.6,0.0
2024-08-07 14:55:02.182227,0.5,68.6,0.0
2024-08-07 14:55:03.284834,0.1,68.8,0.0
2024-08-07 14:55:04.386069,2.6,68.6,2.0
2024-08-07 14:55:05.490999,0.5,68.7,0.0
2024-08-07 14:55:06.586469,0.1,68.6,0.0
2024-08-07 14:55:07.687591,0.7,68.7,0.0
2024-08-07 14:55:08.786858,0.1,68.6,0.0
2024-08-07 14:55:09.888729,1.2,68.6,0.0
2024-08-07 14:55:10.991150,1.2,68.8,0.0
2024-08-07 14:55:12.099146,1.3,68.8,0.0
2024-08-07 14:55:13.203931,0.7,68.7,0.0
2024-08-07 14:55:14.304792,0.8,68.7,0.0
2024-08-07 14:55:15.406816,0.7,68.7,0.0
2024-08-07 14:55:16.504251,0.5,68.6,0.0
2024-08-07 14:55:17.599871,0.8,68.6,0.0
2024-08-07 14:55:18.702742,1.6,68.6,0.0
2024-08-07 14:55:19.794596,1.1,68.6,0.0
2024-08-07 14:55:20.895966,0.9,68.6,0.0
2024-08-07 14:55:21.987866,6.2,68.1,0.0
2024-08-07 14:55:23.098246,1.4,68.1,0.0
2024-08-07 14:55:24.195350,0.7,68.1,0.0
2024-08-07 14:55:25.305400,0.8,68.1,0.0
2024-08-07 14:55:26.398433,1.2,68.3,0.0
2024-08-07 14:55:27.502045,1.2,68.1,0.0
2024-08-07 14:55:28.599984,0.9,68.2,0.0
2024-08-07 14:55:29.694896,2.1,68.1,0.0
2024-08-07 14:55:30.797743,1.3,68.1,0.0
2024-08-07 14:55:31.902086,0.8,68.1,0.0
2024-08-07 14:55:33.002907,0.8,68.1,0.0
2024-08-07 14:55:34.101529,0.9,68.1,0.0
2024-08-07 14:55:35.210190,1.0,68.2,1.0
2024-08-07 14:55:36.314734,0.9,68.2,0.0
2024-08-07 14:55:37.413144,0.7,68.2,0.0
2024-08-07 14:55:38.516436,0.7,68.1,0.0
2024-08-07 14:55:39.614439,0.5,68.2,0.0
2024-08-07 14:55:40.711666,1.1,68.2,0.0
2024-08-07 14:55:41.802208,1.1,68.4,0.0
2024-08-07 14:55:42.909552,1.2,68.3,0.0
2024-08-07 14:55:44.019570,0.5,68.3,0.0
2024-08-07 14:55:45.120049,0.6,68.2,0.0
2024-08-07 14:55:46.219723,0.8,68.3,0.0
2024-08-07 14:55:47.337933,0.7,68.2,0.0
2024-08-07 14:55:48.431749,1.0,68.2,0.0
2024-08-07 14:55:49.533959,0.8,68.2,0.0
2024-08-07 14:55:50.633742,0.7,68.1,0.0
2024-08-07 14:55:51.734422,2.5,68.0,0.0
2024-08-07 14:55:52.822190,0.9,68.0,0.0
2024-08-07 14:55:53.922447,1.0,68.0,0.0
2024-08-07 14:55:55.024071,1.2,68.0,0.0
2024-08-07 14:55:56.123061,1.2,68.0,0.0
2024-08-07 14:55:57.216512,0.4,68.0,0.0
2024-08-07 14:55:58.325508,4.2,68.0,0.0
2024-08-07 14:55:59.434170,0.6,68.0,0.0
2024-08-07 14:56:00.528766,1.2,68.0,0.0
2024-08-07 14:56:01.630634,0.3,68.0,0.0
2024-08-07 14:56:02.742558,0.5,68.0,0.0
2024-08-07 14:56:03.829960,0.7,68.0,0.0
2024-08-07 14:56:04.926241,1.1,68.0,0.0
2024-08-07 14:56:06.026879,0.5,67.9,0.0
2024-08-07 14:56:07.125186,0.7,67.9,0.0
2024-08-07 14:56:08.227243,4.5,68.2,0.0
2024-08-07 14:56:09.325652,3.9,68.4,4.0
2024-08-07 14:56:10.430451,3.3,68.4,6.0
2024-08-07 14:56:11.528852,1.2,68.5,0.0
2024-08-07 14:56:12.631896,1.2,68.6,0.0
2024-08-07 14:56:13.729018,3.4,68.4,5.0
2024-08-07 14:56:14.825913,3.3,68.5,0.0
2024-08-07 14:56:15.924358,0.5,68.4,0.0
2024-08-07 14:56:17.022653,2.5,68.4,11.0
2024-08-07 14:56:18.128926,1.3,68.4,0.0
2024-08-07 14:56:19.239977,3.2,68.5,1.0
2024-08-07 14:56:20.350300,5.2,68.8,10.0
2024-08-07 14:56:21.463257,4.0,69.3,2.0
2024-08-07 14:56:22.569007,4.2,69.7,4.0
2024-08-07 14:56:23.678079,1.3,69.7,0.0
2024-08-07 14:56:24.797453,3.1,69.6,7.000000000000001
2024-08-07 14:56:25.893663,3.0,69.6,2.0
2024-08-07 14:56:27.000878,5.9,69.8,10.0
2024-08-07 14:56:28.110193,2.3,69.7,0.0
2024-08-07 14:56:29.206736,1.3,69.7,2.0
2024-08-07 14:56:30.306013,4.9,69.5,1.0
2024-08-07 14:56:31.405105,4.2,70.0,15.0
2024-08-07 14:56:32.534856,3.8,69.8,6.0
2024-08-07 14:56:33.633288,2.1,69.8,2.0
2024-08-07 14:56:34.744292,1.7,69.7,1.0
2024-08-07 14:56:35.849337,5.5,70.0,6.0
2024-08-07 14:56:36.957317,6.2,70.3,9.0
2024-08-07 14:56:38.063618,4.5,70.2,2.0
2024-08-07 14:56:39.192332,3.4,70.5,4.0
2024-08-07 14:56:40.302238,4.3,70.4,10.0
2024-08-07 14:56:41.401532,3.7,70.4,0.0
2024-08-07 14:56:42.507102,4.2,70.4,8.0
2024-08-07 14:56:43.611757,2.9,70.3,2.0
2024-08-07 14:56:44.728469,1.2,70.1,1.0
2024-08-07 14:56:45.840471,3.7,70.1,5.0
2024-08-07 14:56:46.942260,3.1,70.5,0.0
2024-08-07 14:56:48.055242,3.8,70.5,4.0
2024-08-07 14:56:49.159593,5.8,70.5,0.0
2024-08-07 14:56:50.262303,1.4,70.5,3.0
2024-08-07 14:56:51.368776,1.8,70.2,0.0
2024-08-07 14:56:52.466686,2.4,70.2,2.0
2024-08-07 14:56:53.566236,6.7,70.2,6.0
2024-08-07 14:56:54.667626,1.7,70.2,6.0
2024-08-07 14:56:55.793398,9.7,70.3,7.000000000000001
2024-08-07 14:56:56.926145,14.6,70.3,2.0
2024-08-07 14:56:58.027341,4.2,70.2,7.000000000000001
2024-08-07 14:56:59.124972,2.5,70.4,6.0
2024-08-07 14:57:00.233726,1.2,70.3,5.0
2024-08-07 14:57:01.334551,2.9,70.3,7.000000000000001
2024-08-07 14:57:02.435128,2.3,70.1,7.000000000000001
2024-08-07 14:57:03.542088,2.3,70.1,7.000000000000001
2024-08-07 14:57:04.666274,4.3,70.3,6.0
2024-08-07 14:57:05.786980,10.3,70.5,1.0
2024-08-07 14:57:06.889959,2.9,70.2,5.0
2024-08-07 14:57:08.000636,2.7,70.4,0.0
2024-08-07 14:57:09.099631,0.7,70.4,0.0
2024-08-07 14:57:10.202141,0.9,70.4,0.0
2024-08-07 14:57:11.326948,2.5,70.1,4.0
2024-08-07 14:57:12.425920,0.8,70.2,0.0
2024-08-07 14:57:13.532069,0.6,70.1,0.0
2024-08-07 14:57:14.650966,2.5,69.3,0.0
2024-08-07 14:57:15.750386,1.9,69.1,0.0
2024-08-07 14:57:16.848924,0.4,69.3,0.0
2024-08-07 14:57:17.957758,1.2,69.3,0.0
2024-08-07 14:57:19.049556,0.7,69.1,0.0
2024-08-07 14:57:20.159398,1.0,69.3,0.0
2024-08-07 14:57:21.265001,0.4,69.3,0.0
2024-08-07 14:57:22.368513,0.7,69.3,0.0
2024-08-07 14:57:23.474424,0.3,69.2,0.0
2024-08-07 14:57:24.574489,0.7,69.3,0.0
2024-08-07 14:57:25.674218,0.4,69.3,0.0
2024-08-07 14:57:26.783538,0.5,69.1,0.0
2024-08-07 14:57:27.873753,0.4,69.1,0.0
2024-08-07 14:57:28.973083,0.8,69.2,0.0
2024-08-07 14:57:30.078930,1.0,69.1,0.0
2024-08-07 14:57:31.175326,1.1,69.2,0.0
2024-08-07 14:57:32.284528,2.1,68.5,0.0
2024-08-07 14:57:33.391673,1.1,68.4,0.0
2024-08-07 14:57:34.490351,0.4,68.4,0.0
2024-08-07 14:57:35.592699,0.9,68.2,0.0
2024-08-07 14:57:36.695729,0.3,68.2,0.0
2024-08-07 14:57:37.797708,0.8,68.3,0.0
2024-08-07 14:57:38.896319,0.8,68.3,0.0
2024-08-07 14:57:40.003724,1.4,68.3,0.0
2024-08-07 14:57:41.103580,1.3,68.2,0.0
2024-08-07 14:57:42.208611,0.0,68.2,0.0
2024-08-07 14:57:43.319994,0.4,68.2,0.0
2024-08-07 14:57:44.427431,0.4,68.2,0.0
2024-08-07 14:57:45.526232,1.2,68.2,0.0
2024-08-07 14:57:46.626000,0.7,68.1,0.0
2024-08-07 14:57:47.727399,0.9,68.2,0.0
2024-08-07 14:57:48.830776,1.0,68.1,0.0
2024-08-07 14:57:49.929864,0.7,68.2,0.0
2024-08-07 14:57:51.026375,1.0,68.2,0.0
2024-08-07 14:57:52.127586,1.0,68.2,0.0
2024-08-07 14:57:53.221355,2.7,68.1,0.0
2024-08-07 14:57:54.322950,0.8,68.1,0.0
2024-08-07 14:57:55.423303,0.3,68.1,0.0
2024-08-07 14:57:56.523689,1.4,68.1,0.0
2024-08-07 14:57:57.627619,0.9,68.1,0.0
2024-08-07 14:57:58.727267,1.7,68.2,0.0
2024-08-07 14:57:59.818941,0.8,68.2,0.0
2024-08-07 14:58:00.922041,0.4,68.2,0.0
2024-08-07 14:58:02.026551,0.8,68.3,0.0
2024-08-07 14:58:03.132596,1.1,68.4,0.0
2024-08-07 14:58:04.240565,0.6,68.4,0.0
2024-08-07 14:58:05.338992,0.7,68.2,0.0
2024-08-07 14:58:06.439573,1.3,68.4,0.0
2024-08-07 14:58:07.541389,0.5,68.2,0.0
2024-08-07 14:58:08.648715,0.3,68.3,0.0
2024-08-07 14:58:09.757586,2.1,68.3,0.0
2024-08-07 14:58:10.854660,1.4,68.3,0.0
2024-08-07 14:58:11.953670,0.4,68.3,0.0
2024-08-07 14:58:13.055716,1.0,68.2,0.0
2024-08-07 14:58:14.163678,0.6,68.1,0.0
2024-08-07 14:58:15.275713,0.8,68.2,0.0
2024-08-07 14:58:16.376784,0.3,68.2,0.0
2024-08-07 14:58:17.479505,1.1,68.2,0.0
2024-08-07 14:58:18.578564,0.5,68.2,0.0
2024-08-07 14:58:19.686787,1.4,68.2,0.0
2024-08-07 14:58:20.786235,0.1,68.2,0.0
2024-08-07 14:58:21.885406,1.2,68.2,0.0
2024-08-07 14:58:22.989187,0.3,68.2,0.0
2024-08-07 14:58:24.094174,0.9,68.2,0.0
2024-08-07 14:58:25.200347,1.0,68.2,0.0
2024-08-07 14:58:26.305865,0.7,68.2,0.0
2024-08-07 14:58:27.413752,0.8,68.2,0.0
2024-08-07 14:58:28.511193,0.7,68.2,0.0
2024-08-07 14:58:29.610869,0.7,68.4,0.0
2024-08-07 14:58:30.710770,0.3,68.2,0.0
2024-08-07 14:58:31.799871,1.7,68.2,0.0
2024-08-07 14:58:32.896708,0.4,68.3,0.0
2024-08-07 14:58:33.997377,1.0,68.3,0.0
2024-08-07 14:58:35.102570,0.8,68.2,0.0
2024-08-07 14:58:36.204245,0.4,68.3,0.0
2024-08-07 14:58:37.314651,0.8,68.2,0.0
2024-08-07 14:58:38.414293,0.5,68.2,0.0
2024-08-07 14:58:39.510891,0.5,68.2,0.0
2024-08-07 14:58:40.608521,0.8,68.2,0.0
2024-08-07 14:58:41.716306,0.8,68.3,0.0
2024-08-07 14:58:42.815248,0.3,68.3,0.0
2024-08-07 14:58:43.913292,1.1,68.3,0.0
2024-08-07 14:58:45.016083,1.6,68.2,0.0
2024-08-07 14:58:46.123313,0.5,68.2,0.0
2024-08-07 14:58:47.229966,1.7,68.2,0.0
2024-08-07 14:58:48.331660,0.3,68.2,0.0
2024-08-07 14:58:49.430739,0.5,68.2,0.0
2024-08-07 14:58:50.536370,1.3,68.2,0.0
2024-08-07 14:58:51.629135,5.0,68.1,4.0
2024-08-07 14:58:52.735471,5.1,68.4,5.0
2024-08-07 14:58:53.831018,3.6,67.4,5.0
2024-08-07 14:58:54.926225,10.4,67.6,12.0
2024-08-07 14:58:56.031044,5.7,67.6,1.0
2024-08-07 14:58:57.142177,5.3,67.6,6.0
2024-08-07 14:58:58.268739,4.4,67.7,6.0
2024-08-07 14:58:59.369324,3.8,68.0,2.0
2024-08-07 14:59:00.474243,2.2,67.8,1.0
2024-08-07 14:59:01.571886,0.9,67.8,1.0
2024-08-07 14:59:02.681067,0.7,67.8,0.0
2024-08-07 14:59:03.784736,0.9,67.8,0.0
2024-08-07 14:59:04.895541,0.6,67.7,0.0
2024-08-07 14:59:06.007399,3.1,67.9,1.0
2024-08-07 14:59:07.106376,5.7,68.8,6.0
2024-08-07 14:59:08.213734,6.0,69.0,3.0
2024-08-07 14:59:09.332798,4.7,69.0,8.0
2024-08-07 14:59:10.431772,4.4,69.0,7.000000000000001
2024-08-07 14:59:11.557765,7.0,69.1,5.0
2024-08-07 14:59:12.669926,2.0,69.2,3.0
2024-08-07 14:59:13.791834,7.9,69.3,5.0
2024-08-07 14:59:14.916011,5.5,69.3,4.0
2024-08-07 14:59:16.030066,8.4,69.4,4.0
2024-08-07 14:59:17.130184,4.8,69.4,5.0
2024-08-07 14:59:18.236304,2.8,69.4,7.000000000000001
2024-08-07 14:59:19.341020,5.2,69.5,0.0
2024-08-07 14:59:20.452356,2.7,69.6,1.0
2024-08-07 14:59:21.554933,5.6,69.7,6.0
2024-08-07 14:59:22.659926,8.6,69.7,4.0
2024-08-07 14:59:23.764315,5.7,69.7,3.0
2024-08-07 14:59:24.868273,5.3,69.6,4.0
2024-08-07 14:59:25.968855,3.6,69.6,5.0
2024-08-07 14:59:27.076428,3.0,69.7,1.0
2024-08-07 14:59:28.173108,3.7,69.7,4.0
2024-08-07 14:59:29.275504,1.1,69.5,1.0
2024-08-07 14:59:30.384185,4.1,69.7,5.0
2024-08-07 14:59:31.492060,2.8,69.6,3.0
2024-08-07 14:59:32.590003,6.8,69.6,4.0
2024-08-07 14:59:33.695276,6.8,69.5,1.0
2024-08-07 14:59:34.804269,4.8,69.4,3.0
2024-08-07 14:59:35.926830,2.2,69.5,0.0
2024-08-07 14:59:37.042698,5.3,69.9,6.0
2024-08-07 14:59:38.145680,1.4,69.9,7.000000000000001
2024-08-07 14:59:39.262598,3.6,70.0,7.000000000000001
2024-08-07 14:59:40.368175,5.8,70.0,1.0
2024-08-07 14:59:41.469343,8.1,70.0,3.0
2024-08-07 14:59:42.574505,2.2,70.0,2.0
2024-08-07 14:59:43.668199,1.2,69.9,1.0
2024-08-07 14:59:44.786768,3.7,69.9,0.0
2024-08-07 14:59:45.885732,4.8,69.9,0.0
2024-08-07 14:59:46.993075,3.6,69.8,0.0
2024-08-07 14:59:48.092294,2.2,69.7,0.0
2024-08-07 14:59:49.207823,4.5,69.9,6.0
2024-08-07 14:59:50.333244,2.4,70.4,6.0
2024-08-07 14:59:51.431378,2.5,70.7,0.0
2024-08-07 14:59:52.544149,1.4,70.8,0.0
2024-08-07 14:59:53.662113,2.3,70.8,6.0
2024-08-07 14:59:54.759600,2.5,70.8,0.0
2024-08-07 14:59:55.857911,2.8,70.8,0.0
2024-08-07 14:59:56.973182,3.5,70.9,3.0
2024-08-07 14:59:58.081886,4.4,71.0,1.0
2024-08-07 14:59:59.208512,3.8,70.9,5.0
2024-08-07 15:00:00.323143,4.1,71.3,3.0
2024-08-07 15:00:01.435274,1.5,71.2,0.0
2024-08-07 15:00:02.538758,1.7,70.9,6.0
2024-08-07 15:00:03.666924,4.2,70.9,9.0
2024-08-07 15:00:04.787183,5.1,71.2,9.0
2024-08-07 15:00:05.898217,3.6,71.1,3.0
2024-08-07 15:00:07.027974,1.8,71.2,7.000000000000001
2024-08-07 15:00:08.133829,3.1,71.2,3.0
2024-08-07 15:00:09.237766,2.2,71.0,0.0
2024-08-07 15:00:10.338185,0.8,70.9,1.0
2024-08-07 15:00:11.439233,1.8,71.0,0.0
2024-08-07 15:00:12.544560,0.5,70.9,0.0
2024-08-07 15:00:13.644458,1.9,70.7,0.0
2024-08-07 15:00:14.740167,0.8,70.8,0.0
2024-08-07 15:00:15.831678,1.2,70.8,0.0
2024-08-07 15:00:16.927615,1.1,70.8,0.0
2024-08-07 15:00:18.027391,1.2,70.9,0.0
2024-08-07 15:00:19.142658,0.4,70.9,0.0
2024-08-07 15:00:20.246167,1.4,70.9,0.0
2024-08-07 15:00:21.350662,3.4,69.7,0.0
2024-08-07 15:00:22.450820,2.3,69.8,0.0
2024-08-07 15:00:23.552880,1.0,69.7,0.0
2024-08-07 15:00:24.649404,0.9,69.7,0.0
2024-08-07 15:00:25.748371,0.7,69.6,0.0
2024-08-07 15:00:26.843927,0.5,69.7,0.0
2024-08-07 15:00:27.949440,1.3,69.7,0.0
2024-08-07 15:00:29.055858,0.1,69.7,0.0
2024-08-07 15:00:30.160302,0.7,69.7,0.0
2024-08-07 15:00:31.262507,1.2,69.8,0.0
2024-08-07 15:00:32.367535,1.2,69.8,0.0
2024-08-07 15:00:33.469933,0.4,69.7,0.0
2024-08-07 15:00:34.573069,0.8,69.7,1.0
2024-08-07 15:00:35.676755,1.4,69.8,0.0
2024-08-07 15:00:36.775656,1.1,69.8,0.0
2024-08-07 15:00:37.868033,0.9,69.7,0.0
2024-08-07 15:00:38.972675,1.3,69.7,0.0
2024-08-07 15:00:40.074448,0.9,69.6,0.0
2024-08-07 15:00:41.176188,0.8,69.6,0.0
2024-08-07 15:00:42.276760,0.4,69.6,0.0
2024-08-07 15:00:43.383534,0.6,69.6,0.0
2024-08-07 15:00:44.483895,0.4,69.7,0.0
2024-08-07 15:00:45.591456,1.0,69.5,0.0
2024-08-07 15:00:46.696726,0.9,69.6,0.0
2024-08-07 15:00:47.807010,4.3,69.6,5.0
2024-08-07 15:00:48.913411,4.0,69.6,2.0
2024-08-07 15:00:50.031212,4.9,69.6,0.0
2024-08-07 15:00:51.133195,4.0,69.6,8.0
2024-08-07 15:00:52.246037,2.1,69.6,6.0
2024-08-07 15:00:53.368992,3.2,69.6,3.0
2024-08-07 15:00:54.487358,2.3,69.5,10.0
2024-08-07 15:00:55.588781,1.6,69.6,0.0
2024-08-07 15:00:56.706057,0.4,69.5,0.0
2024-08-07 15:00:57.813802,2.1,69.5,7.000000000000001
2024-08-07 15:00:58.917737,6.1,69.6,0.0
2024-08-07 15:01:00.018864,1.7,69.7,0.0
2024-08-07 15:01:01.122578,1.3,69.6,0.0
2024-08-07 15:01:02.236431,1.6,69.7,0.0
2024-08-07 15:01:03.336054,2.3,69.6,0.0
2024-08-07 15:01:04.435615,1.6,69.6,0.0
2024-08-07 15:01:05.538546,3.1,69.9,0.0
2024-08-07 15:01:06.642534,0.9,69.6,0.0
2024-08-07 15:01:07.757257,6.3,69.7,10.0
2024-08-07 15:01:08.865049,6.2,69.7,10.0
2024-08-07 15:01:09.972584,3.1,69.8,10.0
2024-08-07 15:01:11.070146,2.5,69.7,1.0
2024-08-07 15:01:12.177012,4.9,69.8,10.0
2024-08-07 15:01:13.277869,1.3,69.7,0.0
2024-08-07 15:01:14.401044,5.9,70.3,7.000000000000001
2024-08-07 15:01:15.541470,2.6,70.5,7.000000000000001
2024-08-07 15:01:16.654611,3.8,70.7,0.0
2024-08-07 15:01:17.762153,5.5,70.7,8.0
2024-08-07 15:01:18.879006,2.6,70.9,4.0
2024-08-07 15:01:19.977684,0.8,70.9,0.0
2024-08-07 15:01:21.078937,4.0,70.6,7.000000000000001
2024-08-07 15:01:22.184277,4.2,70.5,9.0
2024-08-07 15:01:23.288892,1.0,70.7,0.0
2024-08-07 15:01:24.396866,1.7,70.5,0.0
2024-08-07 15:01:25.503733,3.0,70.5,1.0
2024-08-07 15:01:26.607077,1.3,70.4,0.0
2024-08-07 15:01:27.709070,0.8,70.4,0.0
2024-08-07 15:01:28.809880,0.8,70.4,0.0
2024-08-07 15:01:29.913963,0.5,70.3,0.0
2024-08-07 15:01:31.011740,1.7,70.3,0.0
2024-08-07 15:01:32.118731,3.6,69.8,0.0
2024-08-07 15:01:33.216983,2.9,69.8,0.0
2024-08-07 15:01:34.328582,1.2,69.8,0.0
2024-08-07 15:01:35.434892,2.6,69.7,0.0
2024-08-07 15:01:36.543775,1.2,69.4,0.0
2024-08-07 15:01:37.637757,1.2,69.5,0.0
2024-08-07 15:01:38.737655,0.6,69.5,0.0
2024-08-07 15:01:39.830652,0.8,69.5,0.0
2024-08-07 15:01:40.931932,0.8,69.5,0.0
2024-08-07 15:01:42.034517,2.8,69.4,6.0
2024-08-07 15:01:43.137885,2.2,69.5,0.0
2024-08-07 15:01:44.244719,5.1,69.1,0.0
2024-08-07 15:01:45.351688,2.2,69.2,0.0
2024-08-07 15:01:46.466608,1.4,69.4,0.0
2024-08-07 15:01:47.579490,1.2,69.4,0.0
2024-08-07 15:01:48.686667,1.0,69.4,0.0
2024-08-07 15:01:49.786739,1.0,69.7,0.0
2024-08-07 15:01:50.887144,0.9,69.4,0.0
2024-08-07 15:01:51.993516,1.4,69.5,0.0
2024-08-07 15:01:53.094171,1.6,69.2,0.0
2024-08-07 15:01:54.196843,1.3,69.3,0.0
2024-08-07 15:01:55.302544,0.8,69.2,0.0
2024-08-07 15:01:56.404489,1.3,69.2,0.0
2024-08-07 15:01:57.499299,0.8,69.3,0.0
2024-08-07 15:01:58.601260,0.3,69.3,0.0
2024-08-07 15:01:59.701297,1.7,69.3,0.0
2024-08-07 15:02:00.800415,1.3,69.3,0.0
2024-08-07 15:02:01.906497,0.9,69.2,0.0
2024-08-07 15:02:03.006045,1.2,69.2,0.0
2024-08-07 15:02:04.101373,0.8,69.2,0.0
2024-08-07 15:02:05.200899,2.2,69.2,0.0
2024-08-07 15:02:06.312215,0.9,69.2,0.0
2024-08-07 15:02:07.413029,0.8,69.2,0.0
2024-08-07 15:02:08.518023,0.5,69.2,0.0
2024-08-07 15:02:09.618066,1.7,69.3,0.0
2024-08-07 15:02:10.720101,0.9,69.2,0.0
2024-08-07 15:02:11.831102,1.2,69.3,0.0
2024-08-07 15:02:12.932524,1.3,69.4,0.0
2024-08-07 15:02:14.037250,0.1,69.2,0.0
2024-08-07 15:02:15.136831,0.9,69.3,0.0
2024-08-07 15:02:16.249149,0.3,69.4,0.0
2024-08-07 15:02:17.348619,0.8,69.5,0.0
2024-08-07 15:02:18.450043,0.7,69.5,0.0
2024-08-07 15:02:19.549147,1.2,69.5,0.0
2024-08-07 15:02:20.655941,1.3,69.3,0.0
2024-08-07 15:02:21.754856,0.3,69.3,0.0
2024-08-07 15:02:22.857067,1.3,69.4,0.0
2024-08-07 15:02:23.959320,0.5,69.3,0.0
2024-08-07 15:02:25.051372,0.8,69.2,0.0
2024-08-07 15:02:26.151684,1.3,69.3,0.0
2024-08-07 15:02:27.249970,1.3,69.3,0.0
2024-08-07 15:02:28.353128,1.2,69.3,0.0
2024-08-07 15:02:29.464144,0.4,69.3,0.0
2024-08-07 15:02:30.556021,2.5,69.3,0.0
2024-08-07 15:02:31.663944,2.2,68.4,0.0
2024-08-07 15:02:32.762997,1.2,68.3,0.0
2024-08-07 15:02:33.855923,1.2,68.3,0.0
2024-08-07 15:02:34.978713,2.0,68.3,0.0
2024-08-07 15:02:36.079246,1.4,68.6,0.0
2024-08-07 15:02:37.184021,1.9,68.3,0.0
2024-08-07 15:02:38.304198,1.8,68.3,8.0
2024-08-07 15:02:39.418474,6.1,68.3,6.0
2024-08-07 15:02:40.528845,3.7,68.3,4.0
2024-08-07 15:02:41.640122,0.9,68.3,0.0
2024-08-07 15:02:42.739272,1.0,68.5,0.0
2024-08-07 15:02:43.834577,0.8,68.4,0.0
2024-08-07 15:02:44.932127,1.6,68.4,0.0
2024-08-07 15:02:46.032373,0.8,68.4,0.0
2024-08-07 15:02:47.132198,1.7,68.4,5.0
2024-08-07 15:02:48.238307,0.4,68.3,0.0
2024-08-07 15:02:49.337705,3.3,68.3,9.0
2024-08-07 15:02:50.442912,1.2,68.3,5.0
2024-08-07 15:02:51.547703,2.7,68.3,11.0
2024-08-07 15:02:52.656283,1.4,68.4,1.0
2024-08-07 15:02:53.757489,3.5,68.4,4.0
2024-08-07 15:02:54.848212,4.5,68.4,0.0
2024-08-07 15:02:55.945194,2.5,68.4,1.0
2024-08-07 15:02:57.044155,1.3,68.4,0.0
2024-08-07 15:02:58.144212,3.9,68.4,0.0
2024-08-07 15:02:59.266375,3.3,68.4,0.0
2024-08-07 15:03:00.373220,2.5,68.4,0.0
2024-08-07 15:03:01.478431,1.6,68.4,0.0
2024-08-07 15:03:02.616875,3.8,69.2,11.0
2024-08-07 15:03:03.732289,5.9,69.9,3.0
2024-08-07 15:03:04.822708,3.1,69.9,0.0
2024-08-07 15:03:05.918367,1.6,69.9,3.0
2024-08-07 15:03:07.022270,1.5,69.8,0.0
2024-08-07 15:03:08.143642,3.5,69.9,0.0
2024-08-07 15:03:09.260777,4.3,70.2,6.0
2024-08-07 15:03:10.352611,2.2,70.2,6.0
2024-08-07 15:03:11.480984,4.5,70.0,6.0
2024-08-07 15:03:12.575415,2.0,70.0,1.0
2024-08-07 15:03:13.687827,2.0,70.0,0.0
2024-08-07 15:03:14.782790,2.0,69.9,0.0
2024-08-07 15:03:15.892413,2.1,70.0,1.0
2024-08-07 15:03:16.991633,2.0,69.9,0.0
2024-08-07 15:03:18.089835,1.2,70.1,1.0
2024-08-07 15:03:19.192240,0.1,70.1,0.0
2024-08-07 15:03:20.316220,1.0,70.1,0.0
2024-08-07 15:03:21.428139,2.6,70.0,0.0
2024-08-07 15:03:22.536102,0.6,70.1,0.0
2024-08-07 15:03:23.633452,2.5,70.1,1.0
2024-08-07 15:03:24.737004,1.8,69.9,0.0
2024-08-07 15:03:25.843141,0.8,69.9,0.0
2024-08-07 15:03:26.939605,0.8,69.9,0.0
2024-08-07 15:03:28.054423,2.2,70.0,0.0
2024-08-07 15:03:29.168302,7.6,70.5,4.0
2024-08-07 15:03:30.292189,1.1,70.7,1.0
2024-08-07 15:03:31.401457,4.4,71.1,5.0
2024-08-07 15:03:32.494066,2.5,71.2,6.0
2024-08-07 15:03:33.586708,2.2,71.2,0.0
2024-08-07 15:03:34.687316,1.0,71.1,0.0
2024-08-07 15:03:35.784872,2.5,70.7,0.0
2024-08-07 15:03:36.882001,2.6,69.9,0.0
2024-08-07 15:03:38.028450,1.2,70.0,0.0
2024-08-07 15:03:39.136348,0.8,69.9,0.0
2024-08-07 15:03:40.236743,0.5,69.9,0.0
2024-08-07 15:03:41.336686,0.8,69.8,0.0
2024-08-07 15:03:42.427079,0.8,69.8,0.0
2024-08-07 15:03:43.550341,0.4,69.8,1.0
2024-08-07 15:03:44.650830,0.4,69.8,0.0
2024-08-07 15:03:45.758450,1.8,69.8,0.0
2024-08-07 15:03:46.860293,1.5,69.8,0.0
2024-08-07 15:03:47.969668,0.9,69.8,0.0
2024-08-07 15:03:49.069440,2.1,69.8,0.0
2024-08-07 15:03:50.167532,0.8,69.8,0.0
2024-08-07 15:03:51.273848,0.1,69.8,0.0
2024-08-07 15:03:52.367386,0.5,69.9,0.0
2024-08-07 15:03:53.473317,2.2,69.8,0.0
2024-08-07 15:03:54.565181,1.1,69.8,0.0
2024-08-07 15:03:55.663263,0.3,69.8,0.0
2024-08-07 15:03:56.761524,1.3,69.9,0.0
2024-08-07 15:03:57.862493,1.3,69.9,0.0
2024-08-07 15:03:58.960126,2.6,69.8,0.0
2024-08-07 15:04:00.061744,0.5,69.8,0.0
2024-08-07 15:04:01.163525,2.0,69.8,0.0
2024-08-07 15:04:02.271041,3.4,70.0,1.0
2024-08-07 15:04:03.371233,0.8,70.0,1.0
2024-08-07 15:04:04.483978,2.1,70.0,0.0
2024-08-07 15:04:05.590717,7.6,69.9,3.0
2024-08-07 15:04:06.712556,3.7,70.0,5.0
2024-08-07 15:04:07.853444,8.0,70.1,9.0
2024-08-07 15:04:08.965923,3.8,71.1,6.0
